"Date","yday","Variable","Value"
2021-01-01,1,"EXOTemp_C_1",4.18194444444444
2021-01-01,1,"EXOChla_ugL_1",12.2190277986111
2021-01-02,2,"EXOTemp_C_1",4.44145454545455
2021-01-02,2,"EXOChla_ugL_1",11.1819718169014
2021-01-03,3,"EXOTemp_C_1",5.16836879432624
2021-01-03,3,"EXOChla_ugL_1",10.4191489503546
2021-01-04,4,"EXOTemp_C_1",5.05164583333333
2021-01-04,4,"EXOChla_ugL_1",11.5420139097222
2021-01-05,5,"EXOTemp_C_1",4.88508450704225
2021-01-05,5,"EXOChla_ugL_1",12.5202112535211
2021-01-06,6,"EXOTemp_C_1",4.76841958041958
2021-01-06,6,"EXOChla_ugL_1",12.5638732394366
2021-01-07,7,"EXOTemp_C_1",4.59959541984733
2021-01-07,7,"EXOChla_ugL_1",11.3839694732824
2021-01-08,8,"EXOTemp_C_1",4.51757638888889
2021-01-08,8,"EXOChla_ugL_1",12.6586713356643
2021-01-09,9,"EXOTemp_C_1",4.1229219858156
2021-01-09,9,"EXOChla_ugL_1",13.502907787234
2021-01-10,10,"EXOTemp_C_1",3.75936363636364
2021-01-10,10,"EXOChla_ugL_1",13.1486013986014
2021-01-11,11,"EXOTemp_C_1",3.42952447552448
2021-01-11,11,"EXOChla_ugL_1",13.7223776363636
2021-01-12,12,"EXOTemp_C_1",3.47955633802817
2021-01-12,12,"EXOChla_ugL_1",12.7356338028169
2021-01-13,13,"EXOTemp_C_1",3.36614184397163
2021-01-13,13,"EXOChla_ugL_1",13.705531929078
2021-01-14,14,"EXOTemp_C_1",3.27827777777778
2021-01-14,14,"EXOChla_ugL_1",13.8881250069444
2021-01-15,15,"EXOTemp_C_1",3.29206993006993
2021-01-15,15,"EXOChla_ugL_1",14.7269230769231
2021-01-16,16,"EXOTemp_C_1",3.10408391608392
2021-01-16,16,"EXOChla_ugL_1",14.7730769230769
2021-01-17,17,"EXOTemp_C_1",3.37161111111111
2021-01-17,17,"EXOChla_ugL_1",15.3668055555556
2021-01-18,18,"EXOTemp_C_1",3.34067832167832
2021-01-18,18,"EXOChla_ugL_1",16.4602797202797
2021-01-19,19,"EXOTemp_C_1",3.23259722222222
2021-01-19,19,"EXOChla_ugL_1",15.7527083333333
2021-01-20,20,"EXOTemp_C_1",3.13896503496504
2021-01-20,20,"EXOChla_ugL_1",15.4297202797203
2021-01-21,21,"EXOTemp_C_1",3.13092907801418
2021-01-21,21,"EXOChla_ugL_1",14.9802836879433
2021-01-22,22,"EXOTemp_C_1",3.487125
2021-01-22,22,"EXOChla_ugL_1",15.7923611111111
2021-01-23,23,"EXOTemp_C_1",3.17804255319149
2021-01-23,23,"EXOChla_ugL_1",14.2313475319149
2021-01-24,24,"EXOTemp_C_1",2.97263194444444
2021-01-24,24,"EXOChla_ugL_1",15.5475694444444
2021-01-25,25,"EXOTemp_C_1",2.98020833333333
2021-01-25,25,"EXOChla_ugL_1",15.2595833333333
2021-01-26,26,"EXOTemp_C_1",3.10695833333333
2021-01-26,26,"EXOChla_ugL_1",15.6665972222222
2021-01-27,27,"EXOTemp_C_1",3.2046013986014
2021-01-27,27,"EXOChla_ugL_1",15.7287323943662
2021-01-28,28,"EXOTemp_C_1",3.33904195804196
2021-01-28,28,"EXOChla_ugL_1",15.0098601398601
2021-01-29,29,"EXOTemp_C_1",2.90916197183099
2021-01-29,29,"EXOChla_ugL_1",13.64
2021-01-30,30,"EXOTemp_C_1",2.58194366197183
2021-01-30,30,"EXOChla_ugL_1",14.6785915492958
2021-01-31,31,"EXOTemp_C_1",2.69085314685315
2021-01-31,31,"EXOChla_ugL_1",15.3523776223776
2021-02-01,32,"EXOTemp_C_1",2.21245138888889
2021-02-01,32,"EXOChla_ugL_1",15.1690277777778
2021-02-02,33,"EXOTemp_C_1",2.29236805555556
2021-02-02,33,"EXOChla_ugL_1",15.5406944444444
2021-02-03,34,"EXOTemp_C_1",2.19880281690141
2021-02-03,34,"EXOChla_ugL_1",17.0329577464789
2021-02-04,35,"EXOTemp_C_1",1.92740277777778
2021-02-04,35,"EXOChla_ugL_1",16.2531944444444
2021-02-05,36,"EXOTemp_C_1",2.28035664335664
2021-02-05,36,"EXOChla_ugL_1",17.2895804195804
2021-02-06,37,"EXOTemp_C_1",2.46834265734266
2021-02-06,37,"EXOChla_ugL_1",19.2043356643357
2021-02-07,38,"EXOTemp_C_1",2.50022377622378
2021-02-07,38,"EXOChla_ugL_1",19.0860839160839
2021-02-08,39,"EXOTemp_C_1",2.60578169014085
2021-02-08,39,"EXOChla_ugL_1",19.0001408521127
2021-02-09,40,"EXOTemp_C_1",2.94047552447552
2021-02-09,40,"EXOChla_ugL_1",20.4046153846154
2021-02-10,41,"EXOTemp_C_1",3.19590972222222
2021-02-10,41,"EXOChla_ugL_1",22.3086805555556
2021-02-11,42,"EXOTemp_C_1",3.40816783216783
2021-02-11,42,"EXOChla_ugL_1",23.4683916083916
2021-02-12,43,"EXOTemp_C_1",3.07692361111111
2021-02-12,43,"EXOChla_ugL_1",26.4745833333333
2021-02-13,44,"EXOTemp_C_1",3.00040972222222
2021-02-13,44,"EXOChla_ugL_1",26.4193055555556
2021-02-14,45,"EXOTemp_C_1",3.00259027777778
2021-02-14,45,"EXOChla_ugL_1",26.1991666666667
2021-02-15,46,"EXOTemp_C_1",3.3307323943662
2021-02-15,46,"EXOChla_ugL_1",24.4681690140845
2021-02-16,47,"EXOTemp_C_1",3.3767972027972
2021-02-16,47,"EXOChla_ugL_1",23.9467832167832
2021-02-17,48,"EXOTemp_C_1",3.24423611111111
2021-02-17,48,"EXOChla_ugL_1",23.5288194444444
2021-02-18,49,"EXOTemp_C_1",3.07991608391608
2021-02-18,49,"EXOChla_ugL_1",24.2202797202797
2021-02-19,50,"EXOTemp_C_1",3.05786713286713
2021-02-19,50,"EXOChla_ugL_1",22.7351748251748
2021-02-20,51,"EXOTemp_C_1",2.90146153846154
2021-02-20,51,"EXOChla_ugL_1",21.7317482517483
2021-02-21,52,"EXOTemp_C_1",3.02707746478873
2021-02-21,52,"EXOChla_ugL_1",23.0439436619718
2021-02-22,53,"EXOTemp_C_1",3.33281944444444
2021-02-22,53,"EXOChla_ugL_1",25.1072916666667
2021-02-23,54,"EXOTemp_C_1",3.43406993006993
2021-02-23,54,"EXOChla_ugL_1",23.8606293706294
2021-02-24,55,"EXOTemp_C_1",3.75654545454545
2021-02-24,55,"EXOChla_ugL_1",24.7094405594406
2021-02-25,56,"EXOTemp_C_1",5.09134965034965
2021-02-25,56,"EXOChla_ugL_1",21.5140559440559
2021-02-26,57,"EXOTemp_C_1",5.35468292682927
2021-02-26,57,"EXOChla_ugL_1",25.8921138211382
2021-02-27,58,"EXOTemp_C_1",5.16964583333333
2021-02-27,58,"EXOChla_ugL_1",27.6408333333333
2021-02-28,59,"EXOTemp_C_1",5.53756944444444
2021-02-28,59,"EXOChla_ugL_1",28.0950694444444
2021-03-01,60,"EXOTemp_C_1",5.88771126760563
2021-03-01,60,"EXOChla_ugL_1",30.0476056338028
2021-03-02,61,"EXOTemp_C_1",5.72702112676056
2021-03-02,61,"EXOChla_ugL_1",28.3737323943662
2021-03-03,62,"EXOTemp_C_1",5.94230769230769
2021-03-03,62,"EXOChla_ugL_1",23.3630769230769
2021-03-04,63,"EXOTemp_C_1",6.53506993006993
2021-03-04,63,"EXOChla_ugL_1",23.3429370629371
2021-03-05,64,"EXOTemp_C_1",6.26920138888889
2021-03-05,64,"EXOChla_ugL_1",24.7920138888889
2021-03-06,65,"EXOTemp_C_1",6.23328873239437
2021-03-06,65,"EXOChla_ugL_1",23.2967605633803
2021-03-07,66,"EXOTemp_C_1",6.36474125874126
2021-03-07,66,"EXOChla_ugL_1",22.7011888111888
2021-03-08,67,"EXOTemp_C_1",6.37864335664336
2021-03-08,67,"EXOChla_ugL_1",22.1484615384615
2021-03-09,68,"EXOTemp_C_1",6.65381560283688
2021-03-09,68,"EXOChla_ugL_1",20.8743262411348
2021-03-10,69,"EXOTemp_C_1",7.2289375
2021-03-10,69,"EXOChla_ugL_1",19.4442361111111
2021-03-11,70,"EXOTemp_C_1",7.75873614583333
2021-03-11,70,"EXOChla_ugL_1",18.3604861111111
2021-03-12,71,"EXOTemp_C_1",8.47271527777778
2021-03-12,71,"EXOChla_ugL_1",18.6690277777778
2021-03-13,72,"EXOTemp_C_1",9.07995834027778
2021-03-13,72,"EXOChla_ugL_1",17.3510416666667
2021-03-14,73,"EXOTemp_C_1",9.0191887972028
2021-03-14,73,"EXOChla_ugL_1",15.6486013916084
2021-03-15,74,"EXOTemp_C_1",8.22849652447552
2021-03-15,74,"EXOChla_ugL_1",18.884965034965
2021-03-16,75,"EXOTemp_C_1",7.7691944375
2021-03-16,75,"EXOChla_ugL_1",23.5757638888889
2021-03-17,76,"EXOTemp_C_1",8.08990907692308
2021-03-17,76,"EXOChla_ugL_1",17.1505594405594
2021-03-18,77,"EXOTemp_C_1",8.73274997916667
2021-03-18,77,"EXOChla_ugL_1",17.1954861111111
2021-03-19,78,"EXOTemp_C_1",9.06909084615385
2021-03-19,78,"EXOChla_ugL_1",13.4485314685315
2021-03-20,79,"EXOTemp_C_1",8.95282517482518
2021-03-20,79,"EXOChla_ugL_1",14.8209090839161
2021-03-21,80,"EXOTemp_C_1",9.22788018309859
2021-03-21,80,"EXOChla_ugL_1",12.4533098661972
2021-03-22,81,"EXOTemp_C_1",9.29764964963504
2021-03-22,81,"EXOChla_ugL_1",12.267372270073
2021-03-23,82,"EXOTemp_C_1",9.23470623776224
2021-03-23,82,"EXOChla_ugL_1",15.6430769020979
2021-03-24,83,"EXOTemp_C_1",9.63930072727273
2021-03-24,83,"EXOChla_ugL_1",17.3632167762238
2021-03-25,84,"EXOTemp_C_1",9.79939864335664
2021-03-25,84,"EXOChla_ugL_1",18.2813986083916
2021-03-26,85,"EXOTemp_C_1",10.6845069375
2021-03-26,85,"EXOChla_ugL_1",15.665
2021-03-27,86,"EXOTemp_C_1",11.6795774647887
2021-03-27,86,"EXOChla_ugL_1",14.3421830985915
2021-03-28,87,"EXOTemp_C_1",11.265591556338
2021-03-28,87,"EXOChla_ugL_1",19.3345774647887
2021-03-29,88,"EXOTemp_C_1",11.4640347222222
2021-03-29,88,"EXOChla_ugL_1",15.3600694444444
2021-03-30,89,"EXOTemp_C_1",11.3560915492958
2021-03-30,89,"EXOChla_ugL_1",14.9704929577465
2021-03-31,90,"EXOTemp_C_1",12.0673846153846
2021-03-31,90,"EXOChla_ugL_1",16.5366433566434
2021-04-01,91,"EXOTemp_C_1",11.7270629370629
2021-04-01,91,"EXOChla_ugL_1",15.464965034965
2021-04-02,92,"EXOTemp_C_1",10.4232936993007
2021-04-02,92,"EXOChla_ugL_1",16.6877622447552
2021-04-03,93,"EXOTemp_C_1",9.55013288111888
2021-04-03,93,"EXOChla_ugL_1",18.8736363636364
2021-04-04,94,"EXOTemp_C_1",10.393041965035
2021-04-04,94,"EXOChla_ugL_1",14.2026573356643
2021-04-05,95,"EXOTemp_C_1",10.5418402777778
2021-04-05,95,"EXOChla_ugL_1",14.5806250069444
2021-04-06,96,"EXOTemp_C_1",11.3539166666667
2021-04-06,96,"EXOChla_ugL_1",13.6815972291667
2021-04-07,97,"EXOTemp_C_1",11.128661971831
2021-04-07,97,"EXOChla_ugL_1",14.7891549366197
2021-04-08,98,"EXOTemp_C_1",11.6452291666667
2021-04-08,98,"EXOChla_ugL_1",15.2334027847222
2021-04-09,99,"EXOTemp_C_1",12.0201875
2021-04-09,99,"EXOChla_ugL_1",16.6622916666667
2021-04-10,100,"EXOTemp_C_1",12.0636153846154
2021-04-10,100,"EXOChla_ugL_1",17.8684615384615
2021-04-11,101,"EXOTemp_C_1",13.1524125874126
2021-04-11,101,"EXOChla_ugL_1",15.7634964965035
2021-04-12,102,"EXOTemp_C_1",14.6110069444444
2021-04-12,102,"EXOChla_ugL_1",14.4480555416667
2021-04-13,103,"EXOTemp_C_1",14.6962517482517
2021-04-13,103,"EXOChla_ugL_1",14.0834965244755
2021-04-14,104,"EXOTemp_C_1",14.5447777777778
2021-04-14,104,"EXOChla_ugL_1",14.2547222222222
2021-04-15,105,"EXOTemp_C_1",14.7097972027972
2021-04-15,105,"EXOChla_ugL_1",14.1881818181818
2021-04-16,106,"EXOTemp_C_1",14.5567536231884
2021-04-16,106,"EXOChla_ugL_1",13.1535507318841
2021-04-17,107,"EXOTemp_C_1",14.3108873239437
2021-04-17,107,"EXOChla_ugL_1",12.876338028169
2021-04-18,108,"EXOTemp_C_1",14.3590839160839
2021-04-18,108,"EXOChla_ugL_1",11.7465734265734
2021-04-19,109,"EXOTemp_C_1",14.1958251748252
2021-04-19,109,"EXOChla_ugL_1",13.3353146923077
2021-04-20,110,"EXOTemp_C_1",14.0830909090909
2021-04-20,110,"EXOChla_ugL_1",13.5625174825175
2021-04-21,111,"EXOTemp_C_1",15.1247342657343
2021-04-21,111,"EXOChla_ugL_1",12.2423776433566
2021-04-22,112,"EXOTemp_C_1",13.9713680555556
2021-04-22,112,"EXOChla_ugL_1",14.0875
2021-04-23,113,"EXOTemp_C_1",13.0286319444444
2021-04-23,113,"EXOChla_ugL_1",14.4422916666667
2021-04-24,114,"EXOTemp_C_1",12.694979020979
2021-04-24,114,"EXOChla_ugL_1",15.527972027972
2021-04-25,115,"EXOTemp_C_1",12.8784791666667
2021-04-25,115,"EXOChla_ugL_1",14.1861111111111
2021-04-26,116,"EXOTemp_C_1",12.8949689922481
2021-04-26,116,"EXOChla_ugL_1",14.9913953488372
2021-04-27,117,"EXOTemp_C_1",13.3029375
2021-04-27,117,"EXOChla_ugL_1",13.2740277777778
2021-04-28,118,"EXOTemp_C_1",13.5530704225352
2021-04-28,118,"EXOChla_ugL_1",11.5214788802817
2021-04-29,119,"EXOTemp_C_1",14.0049929577465
2021-04-29,119,"EXOChla_ugL_1",10.3702112676056
2021-04-30,120,"EXOTemp_C_1",16.5847569444444
2021-04-30,120,"EXOChla_ugL_1",9.77444447222222
2021-05-01,121,"EXOTemp_C_1",16.1349166666667
2021-05-01,121,"EXOChla_ugL_1",10.0631944444444
2021-05-02,122,"EXOTemp_C_1",16.1905734265734
2021-05-02,122,"EXOChla_ugL_1",9.27209788811189
2021-05-03,123,"EXOTemp_C_1",16.0892777777778
2021-05-03,123,"EXOChla_ugL_1",11.0983333472222
2021-05-04,124,"EXOTemp_C_1",16.5331258741259
2021-05-04,124,"EXOChla_ugL_1",10.2063636223776
2021-05-05,125,"EXOTemp_C_1",17.3132027972028
2021-05-05,125,"EXOChla_ugL_1",9.59342656643357
2021-05-06,126,"EXOTemp_C_1",17.515022556391
2021-05-06,126,"EXOChla_ugL_1",7.99563907518797
2021-05-07,127,"EXOTemp_C_1",17.5234861111111
2021-05-07,127,"EXOChla_ugL_1",7.50777775
2021-05-08,128,"EXOTemp_C_1",16.6427957746479
2021-05-08,128,"EXOChla_ugL_1",6.67774648591549
2021-05-09,129,"EXOTemp_C_1",16.1992569444444
2021-05-09,129,"EXOChla_ugL_1",6.70006943055556
2021-05-10,130,"EXOTemp_C_1",17.3556875
2021-05-10,130,"EXOChla_ugL_1",5.67194444444444
2021-05-11,131,"EXOTemp_C_1",17.1590839160839
2021-05-11,131,"EXOChla_ugL_1",6.07538461538462
2021-05-12,132,"EXOTemp_C_1",17.2433309859155
2021-05-12,132,"EXOChla_ugL_1",5.43612676056338
2021-05-13,133,"EXOTemp_C_1",16.1658125
2021-05-13,133,"EXOChla_ugL_1",5.84416666666667
2021-05-14,134,"EXOTemp_C_1",16.4394929577465
2021-05-14,134,"EXOChla_ugL_1",5.68253521126761
2021-05-15,135,"EXOTemp_C_1",16.4169513888889
2021-05-15,135,"EXOChla_ugL_1",5.03743055555556
2021-05-16,136,"EXOTemp_C_1",16.4564755244755
2021-05-16,136,"EXOChla_ugL_1",7.1072027972028
2021-05-17,137,"EXOTemp_C_1",16.4947777777778
2021-05-17,137,"EXOChla_ugL_1",7.09937499305556
2021-05-18,138,"EXOTemp_C_1",16.6137957746479
2021-05-18,138,"EXOChla_ugL_1",6.33077464084507
2021-05-19,139,"EXOTemp_C_1",17.0484055944056
2021-05-19,139,"EXOChla_ugL_1",5.67405594405594
2021-05-20,140,"EXOTemp_C_1",17.1995138888889
2021-05-20,140,"EXOChla_ugL_1",5.68125000694444
2021-05-21,141,"EXOTemp_C_1",17.6594930555556
2021-05-21,141,"EXOChla_ugL_1",4.90652777777778
2021-05-22,142,"EXOTemp_C_1",18.0788333333333
2021-05-22,142,"EXOChla_ugL_1",4.76048611111111
2021-05-23,143,"EXOTemp_C_1",18.9182361111111
2021-05-23,143,"EXOChla_ugL_1",4.990625
2021-05-24,144,"EXOTemp_C_1",19.2195460992908
2021-05-24,144,"EXOChla_ugL_1",6.8468085035461
2021-05-25,145,"EXOTemp_C_1",19.2791748251748
2021-05-25,145,"EXOChla_ugL_1",9.08146855244755
2021-05-26,146,"EXOTemp_C_1",19.5343076923077
2021-05-26,146,"EXOChla_ugL_1",11.604965013986
2021-05-27,147,"EXOTemp_C_1",19.8098802816901
2021-05-27,147,"EXOChla_ugL_1",14.5341549295775
2021-05-28,148,"EXOTemp_C_1",19.9713541666667
2021-05-28,148,"EXOChla_ugL_1",18.3108333333333
2021-05-29,149,"EXOTemp_C_1",20.3023006993007
2021-05-29,149,"EXOChla_ugL_1",18.8629370629371
2021-05-30,150,"EXOTemp_C_1",20.5920277777778
2021-05-30,150,"EXOChla_ugL_1",15.9045833333333
2021-05-31,151,"EXOTemp_C_1",19.7050215827338
2021-05-31,151,"EXOChla_ugL_1",15.8943884892086
2021-06-01,152,"EXOTemp_C_1",19.2809861111111
2021-06-01,152,"EXOChla_ugL_1",17.9724305555556
2021-06-02,153,"EXOTemp_C_1",19.2533956834532
2021-06-02,153,"EXOChla_ugL_1",17.219928057554
2021-06-03,154,"EXOTemp_C_1",19.1686666666667
2021-06-03,154,"EXOChla_ugL_1",15.5547222222222
2021-06-04,155,"EXOTemp_C_1",19.2999305555556
2021-06-04,155,"EXOChla_ugL_1",12.0835416736111
2021-06-05,156,"EXOTemp_C_1",19.2358531468531
2021-06-05,156,"EXOChla_ugL_1",9.32566433566434
2021-06-06,157,"EXOTemp_C_1",19.3095804195804
2021-06-06,157,"EXOChla_ugL_1",7.32573427972028
2021-06-07,158,"EXOTemp_C_1",19.1941666666667
2021-06-07,158,"EXOChla_ugL_1",5.23308333333333
2021-06-08,159,"EXOTemp_C_1",19.3613426573427
2021-06-08,159,"EXOChla_ugL_1",4.63000000699301
2021-06-09,160,"EXOTemp_C_1",19.4089861111111
2021-06-09,160,"EXOChla_ugL_1",3.10048611111111
2021-06-10,161,"EXOTemp_C_1",19.4094166666667
2021-06-10,161,"EXOChla_ugL_1",2.52458333333333
2021-06-11,162,"EXOTemp_C_1",19.4303706293706
2021-06-11,162,"EXOChla_ugL_1",1.93965034965035
2021-06-12,163,"EXOTemp_C_1",19.5626993006993
2021-06-12,163,"EXOChla_ugL_1",1.44727272727273
2021-06-13,164,"EXOTemp_C_1",19.6442569444444
2021-06-13,164,"EXOChla_ugL_1",1.88909722222222
2021-06-14,165,"EXOTemp_C_1",19.7298321678322
2021-06-14,165,"EXOChla_ugL_1",1.32083916083916
2021-06-15,166,"EXOTemp_C_1",19.5793018867925
2021-06-15,166,"EXOChla_ugL_1",1.55471698113208
2021-06-16,167,"EXOTemp_C_1",NA
2021-06-16,167,"EXOChla_ugL_1",NA
2021-06-17,168,"EXOTemp_C_1",NA
2021-06-17,168,"EXOChla_ugL_1",NA
2021-06-18,169,"EXOTemp_C_1",20.2161265822785
2021-06-18,169,"EXOChla_ugL_1",2.13037974683544
2021-06-19,170,"EXOTemp_C_1",20.0433055555556
2021-06-19,170,"EXOChla_ugL_1",2.21326388888889
2021-06-20,171,"EXOTemp_C_1",20.0165069444444
2021-06-20,171,"EXOChla_ugL_1",3.38534722222222
2021-06-21,172,"EXOTemp_C_1",20.108
2021-06-21,172,"EXOChla_ugL_1",4.12194243884892
2021-06-22,173,"EXOTemp_C_1",20.5956433566434
2021-06-22,173,"EXOChla_ugL_1",4.07608391608392
2021-06-23,174,"EXOTemp_C_1",20.3266923076923
2021-06-23,174,"EXOChla_ugL_1",3.22853147552448
2021-06-24,175,"EXOTemp_C_1",20.3209225352113
2021-06-24,175,"EXOChla_ugL_1",3.01753521126761
2021-06-25,176,"EXOTemp_C_1",20.3090902777778
2021-06-25,176,"EXOChla_ugL_1",3.6825
2021-06-26,177,"EXOTemp_C_1",20.276865248227
2021-06-26,177,"EXOChla_ugL_1",4.90141843971631
2021-06-27,178,"EXOTemp_C_1",20.2295486111111
2021-06-27,178,"EXOChla_ugL_1",6.11951388194444
2021-06-28,179,"EXOTemp_C_1",20.2289632352941
2021-06-28,179,"EXOChla_ugL_1",4.59316176470588
2021-06-29,180,"EXOTemp_C_1",20.2384444444444
2021-06-29,180,"EXOChla_ugL_1",5.1656944375
2021-06-30,181,"EXOTemp_C_1",20.3522152777778
2021-06-30,181,"EXOChla_ugL_1",5.70791667361111
2021-07-01,182,"EXOTemp_C_1",20.3825422535211
2021-07-01,182,"EXOChla_ugL_1",4.90246478873239
2021-07-02,183,"EXOTemp_C_1",20.4677972027972
2021-07-02,183,"EXOChla_ugL_1",6.07643358741259
2021-07-03,184,"EXOTemp_C_1",21.9710416666667
2021-07-03,184,"EXOChla_ugL_1",5.68307693006993
2021-07-04,185,"EXOTemp_C_1",21.3596180555556
2021-07-04,185,"EXOChla_ugL_1",5.24361110416667
2021-07-05,186,"EXOTemp_C_1",21.3379513888889
2021-07-05,186,"EXOChla_ugL_1",5.88034722916667
2021-07-06,187,"EXOTemp_C_1",21.4121197183099
2021-07-06,187,"EXOChla_ugL_1",5.73338028873239
2021-07-07,188,"EXOTemp_C_1",21.7801328671329
2021-07-07,188,"EXOChla_ugL_1",4.99993006993007
2021-07-08,189,"EXOTemp_C_1",21.9876153846154
2021-07-08,189,"EXOChla_ugL_1",5.35678321678322
2021-07-09,190,"EXOTemp_C_1",22.2965277777778
2021-07-09,190,"EXOChla_ugL_1",6.54930555555556
2021-07-10,191,"EXOTemp_C_1",22.6589027777778
2021-07-10,191,"EXOChla_ugL_1",8.45854167361111
2021-07-11,192,"EXOTemp_C_1",23.2108680555556
2021-07-11,192,"EXOChla_ugL_1",8.83916669444444
2021-07-12,193,"EXOTemp_C_1",23.4790985915493
2021-07-12,193,"EXOChla_ugL_1",10.15
2021-07-13,194,"EXOTemp_C_1",23.9561188811189
2021-07-13,194,"EXOChla_ugL_1",9.97496501398601
2021-07-14,195,"EXOTemp_C_1",24.9616388888889
2021-07-14,195,"EXOChla_ugL_1",8.01131941666667
2021-07-15,196,"EXOTemp_C_1",24.9715416666667
2021-07-15,196,"EXOChla_ugL_1",7.83125001388889
2021-07-16,197,"EXOTemp_C_1",25.3240629370629
2021-07-16,197,"EXOChla_ugL_1",8.48895102797203
2021-07-17,198,"EXOTemp_C_1",25.5391901408451
2021-07-17,198,"EXOChla_ugL_1",10.1123239647887
2021-07-18,199,"EXOTemp_C_1",25.8323263888889
2021-07-18,199,"EXOChla_ugL_1",12.4699305625
2021-07-19,200,"EXOTemp_C_1",25.6184375
2021-07-19,200,"EXOChla_ugL_1",12.1484722013889
2021-07-20,201,"EXOTemp_C_1",25.9586223776224
2021-07-20,201,"EXOChla_ugL_1",14.8112587412587
2021-07-21,202,"EXOTemp_C_1",25.8053262411348
2021-07-21,202,"EXOChla_ugL_1",15.8473758865248
2021-07-22,203,"EXOTemp_C_1",25.7024965034965
2021-07-22,203,"EXOChla_ugL_1",14.1448951048951
2021-07-23,204,"EXOTemp_C_1",25.4164965034965
2021-07-23,204,"EXOChla_ugL_1",9.58552444055944
2021-07-24,205,"EXOTemp_C_1",25.367014084507
2021-07-24,205,"EXOChla_ugL_1",7.93422532394366
2021-07-25,206,"EXOTemp_C_1",25.7411398601399
2021-07-25,206,"EXOChla_ugL_1",7.0613986013986
2021-07-26,207,"EXOTemp_C_1",26.0786808510638
2021-07-26,207,"EXOChla_ugL_1",8.61482268794326
2021-07-27,208,"EXOTemp_C_1",25.8067972027972
2021-07-27,208,"EXOChla_ugL_1",10.3504195594406
2021-07-28,209,"EXOTemp_C_1",26.0814583333333
2021-07-28,209,"EXOChla_ugL_1",12.3010416944444
2021-07-29,210,"EXOTemp_C_1",26.0643680555556
2021-07-29,210,"EXOChla_ugL_1",16.2517361111111
2021-07-30,211,"EXOTemp_C_1",26.4585744680851
2021-07-30,211,"EXOChla_ugL_1",16.8622695035461
2021-07-31,212,"EXOTemp_C_1",26.7750486111111
2021-07-31,212,"EXOChla_ugL_1",15.1886805555556
2021-08-01,213,"EXOTemp_C_1",26.8621468531469
2021-08-01,213,"EXOChla_ugL_1",10.4527971748252
2021-08-02,214,"EXOTemp_C_1",26.1105179856115
2021-08-02,214,"EXOChla_ugL_1",8.58309353956835
2021-08-03,215,"EXOTemp_C_1",26.033965034965
2021-08-03,215,"EXOChla_ugL_1",7.29048953146853
2021-08-04,216,"EXOTemp_C_1",25.640965034965
2021-08-04,216,"EXOChla_ugL_1",5.89055944055944
2021-08-05,217,"EXOTemp_C_1",25.5705486111111
2021-08-05,217,"EXOChla_ugL_1",5.45659722916667
2021-08-06,218,"EXOTemp_C_1",25.5488958333333
2021-08-06,218,"EXOChla_ugL_1",5.66666667361111
2021-08-07,219,"EXOTemp_C_1",25.5159078014184
2021-08-07,219,"EXOChla_ugL_1",7.68567376595745
2021-08-08,220,"EXOTemp_C_1",25.2988125
2021-08-08,220,"EXOChla_ugL_1",7.89340277083333
2021-08-09,221,"EXOTemp_C_1",25.5226058394161
2021-08-09,221,"EXOChla_ugL_1",9.10620437956204
2021-08-10,222,"EXOTemp_C_1",25.833
2021-08-10,222,"EXOChla_ugL_1",10.2161538461538
2021-08-11,223,"EXOTemp_C_1",26.0883169014085
2021-08-11,223,"EXOChla_ugL_1",11.9673239507042
2021-08-12,224,"EXOTemp_C_1",26.1606549295775
2021-08-12,224,"EXOChla_ugL_1",13.0226056267606
2021-08-13,225,"EXOTemp_C_1",26.2705985915493
2021-08-13,225,"EXOChla_ugL_1",13.6167605704225
2021-08-14,226,"EXOTemp_C_1",26.4957083333333
2021-08-14,226,"EXOChla_ugL_1",13.3520833333333
2021-08-15,227,"EXOTemp_C_1",26.7367430555556
2021-08-15,227,"EXOChla_ugL_1",14.8258333333333
2021-08-16,228,"EXOTemp_C_1",25.993037037037
2021-08-16,228,"EXOChla_ugL_1",19.8485185185185
2021-08-17,229,"EXOTemp_C_1",25.7443109243697
2021-08-17,229,"EXOChla_ugL_1",20.3965546218487
2021-08-18,230,"EXOTemp_C_1",25.2350555555556
2021-08-18,230,"EXOChla_ugL_1",18.4133333333333
2021-08-19,231,"EXOTemp_C_1",25.4523216783217
2021-08-19,231,"EXOChla_ugL_1",15.9632167832168
2021-08-20,232,"EXOTemp_C_1",25.7119552238806
2021-08-20,232,"EXOChla_ugL_1",12.4878358283582
2021-08-21,233,"EXOTemp_C_1",25.328965034965
2021-08-21,233,"EXOChla_ugL_1",10.896992979021
2021-08-22,234,"EXOTemp_C_1",25.3973888888889
2021-08-22,234,"EXOChla_ugL_1",9.33416670138889
2021-08-23,235,"EXOTemp_C_1",25.8086285714286
2021-08-23,235,"EXOChla_ugL_1",8.15428573571429
2021-08-24,236,"EXOTemp_C_1",26.1800802919708
2021-08-24,236,"EXOChla_ugL_1",7.80708027737226
2021-08-25,237,"EXOTemp_C_1",26.2136319444444
2021-08-25,237,"EXOChla_ugL_1",8.97124999305556
2021-08-26,238,"EXOTemp_C_1",26.617524822695
2021-08-26,238,"EXOChla_ugL_1",9.79971634042553
2021-08-27,239,"EXOTemp_C_1",26.9253706293706
2021-08-27,239,"EXOChla_ugL_1",10.898951027972
2021-08-28,240,"EXOTemp_C_1",27.0408028169014
2021-08-28,240,"EXOChla_ugL_1",9.54204224647887
2021-08-29,241,"EXOTemp_C_1",27.1218472222222
2021-08-29,241,"EXOChla_ugL_1",10.18125
2021-08-30,242,"EXOTemp_C_1",27.199020979021
2021-08-30,242,"EXOChla_ugL_1",9.12503493706294
2021-08-31,243,"EXOTemp_C_1",27.1741094890511
2021-08-31,243,"EXOChla_ugL_1",8.87394159854015
2021-09-01,244,"EXOTemp_C_1",26.2332027972028
2021-09-01,244,"EXOChla_ugL_1",8.71111891608392
2021-09-02,245,"EXOTemp_C_1",25.1380208333333
2021-09-02,245,"EXOChla_ugL_1",7.45229165277778
2021-09-03,246,"EXOTemp_C_1",24.2334225352113
2021-09-03,246,"EXOChla_ugL_1",8.26838028873239
2021-09-04,247,"EXOTemp_C_1",24.1587902097902
2021-09-04,247,"EXOChla_ugL_1",8.20384618181818
2021-09-05,248,"EXOTemp_C_1",24.228125
2021-09-05,248,"EXOChla_ugL_1",8.18791665972222
2021-09-06,249,"EXOTemp_C_1",24.6521582733813
2021-09-06,249,"EXOChla_ugL_1",7.41561156115108
2021-09-07,250,"EXOTemp_C_1",24.2326923076923
2021-09-07,250,"EXOChla_ugL_1",6.54685313986014
2021-09-08,251,"EXOTemp_C_1",24.2886503496504
2021-09-08,251,"EXOChla_ugL_1",6.66874126573427
2021-09-09,252,"EXOTemp_C_1",24.3879160839161
2021-09-09,252,"EXOChla_ugL_1",5.16104895804196
2021-09-10,253,"EXOTemp_C_1",23.6561736111111
2021-09-10,253,"EXOChla_ugL_1",4.71416665972222
2021-09-11,254,"EXOTemp_C_1",23.0261180555556
2021-09-11,254,"EXOChla_ugL_1",5.96131944444444
2021-09-12,255,"EXOTemp_C_1",22.9428169014085
2021-09-12,255,"EXOChla_ugL_1",6.79514085211268
2021-09-13,256,"EXOTemp_C_1",23.2656785714286
2021-09-13,256,"EXOChla_ugL_1",7.70742857142857
2021-09-14,257,"EXOTemp_C_1",23.4446956521739
2021-09-14,257,"EXOChla_ugL_1",9.08485507971015
2021-09-15,258,"EXOTemp_C_1",23.5788263888889
2021-09-15,258,"EXOChla_ugL_1",9.565625
2021-09-16,259,"EXOTemp_C_1",23.8100972222222
2021-09-16,259,"EXOChla_ugL_1",8.48833332638889
2021-09-17,260,"EXOTemp_C_1",23.8867430555556
2021-09-17,260,"EXOChla_ugL_1",7.88361111111111
2021-09-18,261,"EXOTemp_C_1",23.8748472222222
2021-09-18,261,"EXOChla_ugL_1",6.64125
2021-09-19,262,"EXOTemp_C_1",24.067958041958
2021-09-19,262,"EXOChla_ugL_1",8.05958041958042
2021-09-20,263,"EXOTemp_C_1",24.1432887323944
2021-09-20,263,"EXOChla_ugL_1",9.26042252816901
2021-09-21,264,"EXOTemp_C_1",23.5973214285714
2021-09-21,264,"EXOChla_ugL_1",7.831
2021-09-22,265,"EXOTemp_C_1",22.6355347222222
2021-09-22,265,"EXOChla_ugL_1",17.0906337816901
2021-09-23,266,"EXOTemp_C_1",21.8515944055944
2021-09-23,266,"EXOChla_ugL_1",11.5194405734266
2021-09-24,267,"EXOTemp_C_1",20.8774577464789
2021-09-24,267,"EXOChla_ugL_1",10.6423943943662
2021-09-25,268,"EXOTemp_C_1",20.4656713286713
2021-09-25,268,"EXOChla_ugL_1",12.1771328391608
2021-09-26,269,"EXOTemp_C_1",20.3966363636364
2021-09-26,269,"EXOChla_ugL_1",13.4376223846154
2021-09-27,270,"EXOTemp_C_1",19.7861884057971
2021-09-27,270,"EXOChla_ugL_1",12.7069565
2021-09-28,271,"EXOTemp_C_1",20.0239507042254
2021-09-28,271,"EXOChla_ugL_1",9.65297872340425
2021-09-29,272,"EXOTemp_C_1",20.2087622377622
2021-09-29,272,"EXOChla_ugL_1",8.02230770629371
2021-09-30,273,"EXOTemp_C_1",20.4984125874126
2021-09-30,273,"EXOChla_ugL_1",7.1181119020979
2021-10-01,274,"EXOTemp_C_1",20.4017552447552
2021-10-01,274,"EXOChla_ugL_1",7.31328670629371
2021-10-02,275,"EXOTemp_C_1",20.1663055555556
2021-10-02,275,"EXOChla_ugL_1",7.15923611111111
2021-10-03,276,"EXOTemp_C_1",20.3325625
2021-10-03,276,"EXOChla_ugL_1",7.46777775694444
2021-10-04,277,"EXOTemp_C_1",20.5496357142857
2021-10-04,277,"EXOChla_ugL_1",7.2095
2021-10-05,278,"EXOTemp_C_1",20.7703055555556
2021-10-05,278,"EXOChla_ugL_1",7.68715278472222
2021-10-06,279,"EXOTemp_C_1",21.0829160839161
2021-10-06,279,"EXOChla_ugL_1",8.42363638461538
2021-10-07,280,"EXOTemp_C_1",21.0853776223776
2021-10-07,280,"EXOChla_ugL_1",9.1190908951049
2021-10-08,281,"EXOTemp_C_1",20.8619370629371
2021-10-08,281,"EXOChla_ugL_1",8.84377623076923
2021-10-09,282,"EXOTemp_C_1",20.5852937062937
2021-10-09,282,"EXOChla_ugL_1",10.7055244895105
2021-10-10,283,"EXOTemp_C_1",20.2984755244755
2021-10-10,283,"EXOChla_ugL_1",11.1357746126761
2021-10-11,284,"EXOTemp_C_1",20.0387730496454
2021-10-11,284,"EXOChla_ugL_1",12.3299290780142
2021-10-12,285,"EXOTemp_C_1",19.8761118881119
2021-10-12,285,"EXOChla_ugL_1",12.6532167832168
2021-10-13,286,"EXOTemp_C_1",20.1776503496503
2021-10-13,286,"EXOChla_ugL_1",11.2597901818182
2021-10-14,287,"EXOTemp_C_1",20.4209027777778
2021-10-14,287,"EXOChla_ugL_1",10.0261110763889
2021-10-15,288,"EXOTemp_C_1",20.4566338028169
2021-10-15,288,"EXOChla_ugL_1",9.65077464084507
2021-10-16,289,"EXOTemp_C_1",20.3019507042254
2021-10-16,289,"EXOChla_ugL_1",9.51908457746479
2021-10-17,290,"EXOTemp_C_1",18.9731267605634
2021-10-17,290,"EXOChla_ugL_1",9.57873234507042
2021-10-18,291,"EXOTemp_C_1",18.07865
2021-10-18,291,"EXOChla_ugL_1",10.0439285571429
2021-10-19,292,"EXOTemp_C_1",17.5724964539007
2021-10-19,292,"EXOChla_ugL_1",10.2603546099291
2021-10-20,293,"EXOTemp_C_1",17.2583958333333
2021-10-20,293,"EXOChla_ugL_1",9.38944445138889
2021-10-21,294,"EXOTemp_C_1",17.1339160839161
2021-10-21,294,"EXOChla_ugL_1",9.25062936363636
2021-10-22,295,"EXOTemp_C_1",17.2764055944056
2021-10-22,295,"EXOChla_ugL_1",8.90671324475525
2021-10-23,296,"EXOTemp_C_1",16.9200625
2021-10-23,296,"EXOChla_ugL_1",9.51486109027778
2021-10-24,297,"EXOTemp_C_1",16.773125
2021-10-24,297,"EXOChla_ugL_1",9.3217360625
2021-10-25,298,"EXOTemp_C_1",16.9045882352941
2021-10-25,298,"EXOChla_ugL_1",9.95242647794118
2021-10-26,299,"EXOTemp_C_1",16.690979020979
2021-10-26,299,"EXOChla_ugL_1",10.978951041958
2021-10-27,300,"EXOTemp_C_1",15.8241048951049
2021-10-27,300,"EXOChla_ugL_1",10.3157342937063
2021-10-28,301,"EXOTemp_C_1",15.2738611111111
2021-10-28,301,"EXOChla_ugL_1",9.95027777083333
2021-10-29,302,"EXOTemp_C_1",15.1511056338028
2021-10-29,302,"EXOChla_ugL_1",11.6678873098592
2021-10-30,303,"EXOTemp_C_1",15.1794685314685
2021-10-30,303,"EXOChla_ugL_1",14.0076223846154
2021-10-31,304,"EXOTemp_C_1",15.2365314685315
2021-10-31,304,"EXOChla_ugL_1",14.5786013986014
2021-11-01,305,"EXOTemp_C_1",14.9144861111111
2021-11-01,305,"EXOChla_ugL_1",15.2174305486111
2021-11-02,306,"EXOTemp_C_1",14.2826223776224
2021-11-02,306,"EXOChla_ugL_1",13.7102097902098
2021-11-03,307,"EXOTemp_C_1",13.6507361111111
2021-11-03,307,"EXOChla_ugL_1",13.1383333194444
2021-11-04,308,"EXOTemp_C_1",13.0406041666667
2021-11-04,308,"EXOChla_ugL_1",10.7200694583333
2021-11-05,309,"EXOTemp_C_1",12.5745524475524
2021-11-05,309,"EXOChla_ugL_1",12.9841958181818
2021-11-06,310,"EXOTemp_C_1",12.2587361111111
2021-11-06,310,"EXOChla_ugL_1",13.4771527708333
2021-11-07,311,"EXOTemp_C_1",11.9130763888889
2021-11-07,311,"EXOChla_ugL_1",15.7340277638889
2021-11-08,312,"EXOTemp_C_1",11.7165281690141
2021-11-08,312,"EXOChla_ugL_1",17.4018309859155
2021-11-09,313,"EXOTemp_C_1",11.5596805555556
2021-11-09,313,"EXOChla_ugL_1",18.4965972222222
2021-11-10,314,"EXOTemp_C_1",11.8525874125874
2021-11-10,314,"EXOChla_ugL_1",21.7728671328671
2021-11-11,315,"EXOTemp_C_1",11.8424125874126
2021-11-11,315,"EXOChla_ugL_1",25.6683916083916
2021-11-12,316,"EXOTemp_C_1",12.1577222222222
2021-11-12,316,"EXOChla_ugL_1",30.1311971830986
2021-11-13,317,"EXOTemp_C_1",11.9471944444444
2021-11-13,317,"EXOChla_ugL_1",21.7403472222222
2021-11-14,318,"EXOTemp_C_1",11.2172083333333
2021-11-14,318,"EXOChla_ugL_1",21.5719444513889
2021-11-15,319,"EXOTemp_C_1",10.6405314685315
2021-11-15,319,"EXOChla_ugL_1",21.5860992907801
2021-11-16,320,"EXOTemp_C_1",10.2381527777778
2021-11-16,320,"EXOChla_ugL_1",27.4765277777778
2021-11-17,321,"EXOTemp_C_1",10.2645138888889
2021-11-17,321,"EXOChla_ugL_1",19.4856250069444
2021-11-18,322,"EXOTemp_C_1",10.5596478873239
2021-11-18,322,"EXOChla_ugL_1",27.1409859084507
2021-11-19,323,"EXOTemp_C_1",10.289020972028
2021-11-19,323,"EXOChla_ugL_1",19.796013979021
2021-11-20,324,"EXOTemp_C_1",9.6783706013986
2021-11-20,324,"EXOChla_ugL_1",20.0246853216783
2021-11-21,325,"EXOTemp_C_1",9.13932397183099
2021-11-21,325,"EXOChla_ugL_1",26.1883098591549
2021-11-22,326,"EXOTemp_C_1",9.02758045454545
2021-11-22,326,"EXOChla_ugL_1",26.0412587412587
2021-11-23,327,"EXOTemp_C_1",8.63465277083333
2021-11-23,327,"EXOChla_ugL_1",19.6595833402778
2021-11-24,328,"EXOTemp_C_1",8.02704217605634
2021-11-24,328,"EXOChla_ugL_1",19.1509154929577
2021-11-25,329,"EXOTemp_C_1",7.62283582089552
2021-11-25,329,"EXOChla_ugL_1",16.8497015074627
2021-11-26,330,"EXOTemp_C_1",7.73527272727273
2021-11-26,330,"EXOChla_ugL_1",16.2585314895105
2021-11-27,331,"EXOTemp_C_1",7.37688194444444
2021-11-27,331,"EXOChla_ugL_1",19.1360416666667
2021-11-28,332,"EXOTemp_C_1",7.00408450704225
2021-11-28,332,"EXOChla_ugL_1",23.7221126760563
2021-11-29,333,"EXOTemp_C_1",6.68094366197183
2021-11-29,333,"EXOChla_ugL_1",20.6258450704225
2021-11-30,334,"EXOTemp_C_1",6.38941258741259
2021-11-30,334,"EXOChla_ugL_1",18.6776923076923
2021-12-01,335,"EXOTemp_C_1",6.25572727272727
2021-12-01,335,"EXOChla_ugL_1",19.0797902167832
2021-12-02,336,"EXOTemp_C_1",6.33807692307692
2021-12-02,336,"EXOChla_ugL_1",16.4021678251748
2021-12-03,337,"EXOTemp_C_1",6.97466901408451
2021-12-03,337,"EXOChla_ugL_1",9.95873240140845
2021-12-04,338,"EXOTemp_C_1",7.33256944444444
2021-12-04,338,"EXOChla_ugL_1",15.3918055555556
2021-12-05,339,"EXOTemp_C_1",7.2037972027972
2021-12-05,339,"EXOChla_ugL_1",19.0753846083916
2021-12-06,340,"EXOTemp_C_1",7.15186713286713
2021-12-06,340,"EXOChla_ugL_1",22.0405594405594
2021-12-07,341,"EXOTemp_C_1",7.15652816901408
2021-12-07,341,"EXOChla_ugL_1",13.5415492676056
2021-12-08,342,"EXOTemp_C_1",6.90019014084507
2021-12-08,342,"EXOChla_ugL_1",14.0566901549296
2021-12-09,343,"EXOTemp_C_1",6.52389436619718
2021-12-09,343,"EXOChla_ugL_1",11.7422535211268
2021-12-10,344,"EXOTemp_C_1",6.30365277777778
2021-12-10,344,"EXOChla_ugL_1",16.7791666736111
2021-12-11,345,"EXOTemp_C_1",6.37001388888889
2021-12-11,345,"EXOChla_ugL_1",17.4171527777778
2021-12-12,346,"EXOTemp_C_1",6.65502083333333
2021-12-12,346,"EXOChla_ugL_1",13.7948611111111
2021-12-13,347,"EXOTemp_C_1",6.35013114754098
2021-12-13,347,"EXOChla_ugL_1",12.7503278360656
2021-12-14,348,"EXOTemp_C_1",6.10058208955224
2021-12-14,348,"EXOChla_ugL_1",18.9429850746269
2021-12-15,349,"EXOTemp_C_1",5.92921678321678
2021-12-15,349,"EXOChla_ugL_1",18.9680419440559
2021-12-16,350,"EXOTemp_C_1",5.93191666666667
2021-12-16,350,"EXOChla_ugL_1",13.0555555694444
2021-12-17,351,"EXOTemp_C_1",6.50805555555556
2021-12-17,351,"EXOChla_ugL_1",18.8027777777778
2021-12-18,352,"EXOTemp_C_1",6.51808333333333
2021-12-18,352,"EXOChla_ugL_1",17.9661111111111
2021-12-19,353,"EXOTemp_C_1",7.22871527777778
2021-12-19,353,"EXOChla_ugL_1",9.05479171527778
2021-12-20,354,"EXOTemp_C_1",6.43002777777778
2021-12-20,354,"EXOChla_ugL_1",11.5365277847222
2021-12-21,355,"EXOTemp_C_1",5.96912587412587
2021-12-21,355,"EXOChla_ugL_1",14.0516783146853
2021-12-22,356,"EXOTemp_C_1",5.85265972222222
2021-12-22,356,"EXOChla_ugL_1",10.2783333263889
2021-12-23,357,"EXOTemp_C_1",5.45851048951049
2021-12-23,357,"EXOChla_ugL_1",9.88958041258741
2021-12-24,358,"EXOTemp_C_1",5.28997916666667
2021-12-24,358,"EXOChla_ugL_1",10.7443055277778
2021-12-25,359,"EXOTemp_C_1",5.56197902097902
2021-12-25,359,"EXOChla_ugL_1",8.56454543356643
2021-12-26,360,"EXOTemp_C_1",6.74775524475525
2021-12-26,360,"EXOChla_ugL_1",6.60041958741259
2021-12-27,361,"EXOTemp_C_1",6.60334027777778
2021-12-27,361,"EXOChla_ugL_1",7.04625
2021-12-28,362,"EXOTemp_C_1",7.04835416666667
2021-12-28,362,"EXOChla_ugL_1",6.4804166875
2021-12-29,363,"EXOTemp_C_1",7.44310416666667
2021-12-29,363,"EXOChla_ugL_1",8.16298609027778
2021-12-30,364,"EXOTemp_C_1",7.23281818181818
2021-12-30,364,"EXOChla_ugL_1",8.08286714685315
2021-12-31,365,"EXOTemp_C_1",7.40628368794326
2021-12-31,365,"EXOChla_ugL_1",8.32702125531915
